frame_id,est_x,est_y,gt_x,gt_y,track_state,n_candidates,n_matches,n_inliers,inlier_ratio,h_scale,ms
1,2287.0222,3739.9659,2111.0000,3654.0000,1,0,213,184,0.8638,0.7005,236.6
2,2283.2404,3733.8772,2111.0000,3654.0000,1,0,218,185,0.8486,0.7004,209.9
3,2279.3700,3727.6298,2111.0000,3654.0000,1,0,212,182,0.8585,0.6882,161.1
4,2275.5390,3721.0852,2111.0000,3654.0000,1,0,226,195,0.8628,0.6886,122.9
5,2271.8605,3715.1277,2111.0000,3654.0000,1,0,224,200,0.8929,0.6916,130.7
6,2268.1650,3708.6848,2111.0000,3654.0000,1,0,243,208,0.8560,0.6800,116.2
7,2264.9802,3702.9125,2111.0000,3654.0000,1,0,224,194,0.8661,0.6738,108.3
8,2259.8664,3695.4585,2111.0000,3654.0000,1,0,237,196,0.8270,0.6752,129.3
9,2256.1189,3690.0014,2111.0000,3654.0000,1,0,247,209,0.8462,0.6796,129.3
10,2252.4748,3683.7359,2111.0000,3654.0000,1,0,257,219,0.8521,0.6760,129.2
11,2248.6224,3677.4386,2111.0000,3654.0000,1,0,254,218,0.8583,0.6667,138.2
12,2244.5918,3671.2389,2111.0000,3654.0000,1,0,272,226,0.8309,0.6735,147.4
13,2240.6966,3665.1186,2111.0000,3654.0000,1,0,280,241,0.8607,0.6691,139.3
14,2236.9524,3658.5333,2111.0000,3654.0000,1,0,281,238,0.8470,0.6516,136.4
15,2232.9390,3652.5625,2111.0000,3654.0000,1,0,293,253,0.8635,0.6595,131.8
16,2229.0822,3646.1174,2111.0000,3654.0000,1,0,299,246,0.8227,0.6459,137.2
17,2224.7233,3639.9268,2111.0000,3654.0000,1,0,302,251,0.8311,0.6594,135.3
18,2220.7578,3633.6682,2111.0000,3654.0000,1,0,313,263,0.8403,0.6591,137.1
19,2217.3189,3627.4930,2111.0000,3654.0000,1,0,310,254,0.8194,0.6438,134.6
20,2213.0842,3621.2097,2111.0000,3654.0000,1,0,311,264,0.8489,0.6516,153.1
21,2209.0577,3614.9799,2111.0000,3654.0000,1,0,309,264,0.8544,0.6537,150.6
22,2205.0931,3608.4259,2111.0000,3654.0000,1,0,299,254,0.8495,0.6469,131.2
23,2201.1634,3602.3169,2111.0000,3654.0000,1,0,299,254,0.8495,0.6466,132.8
24,2197.0327,3596.0885,2111.0000,3654.0000,1,0,307,254,0.8274,0.6520,137.0
25,2193.3047,3589.8742,2109.7948,3652.3901,1,0,319,260,0.8150,0.6440,138.0
26,2189.0688,3583.7447,2105.3329,3646.4297,1,0,318,258,0.8113,0.6484,129.8
27,2185.2950,3577.3563,2100.9127,3640.5252,1,0,334,270,0.8084,0.6359,145.2
28,2181.2163,3571.1242,2096.4580,3634.5745,1,0,338,278,0.8225,0.6405,135.8
29,2177.2884,3564.8782,2092.0508,3628.6873,1,0,355,289,0.8141,0.6341,164.6
30,2173.2429,3558.5988,2087.5854,3622.7223,1,0,340,266,0.7824,0.6407,140.9
31,2169.3892,3552.5833,2083.3154,3617.0184,1,0,345,280,0.8116,0.6354,128.7
32,2165.7484,3546.0353,2078.8665,3611.0754,1,0,338,269,0.7959,0.6255,132.7
33,2161.2657,3539.7928,2074.2617,3604.9243,1,0,351,283,0.8063,0.6276,135.9
34,2157.3772,3533.7716,2069.9765,3599.2000,1,0,345,283,0.8203,0.6304,137.1
35,2153.2320,3527.2986,2065.3824,3593.0631,1,0,342,268,0.7836,0.6262,142.2
36,2149.2259,3520.6921,2060.7742,3586.9073,1,0,356,272,0.7640,0.5971,137.5
37,2144.8441,3514.3820,2056.1733,3580.7613,1,0,362,275,0.7597,0.6290,165.6
38,2140.8341,3508.2666,2051.7992,3574.9184,1,0,362,267,0.7376,0.6369,161.0
39,2136.9110,3502.1885,2047.4743,3569.1411,1,0,351,264,0.7521,0.6387,169.2
40,2132.8175,3495.8499,2042.9633,3563.1151,1,0,375,285,0.7600,0.6279,179.3
41,2129.2834,3489.9935,2038.8844,3557.6665,1,0,377,291,0.7719,0.6210,151.9
42,2124.5427,3483.0312,2033.8417,3550.9303,1,0,365,281,0.7699,0.6345,149.3
43,2120.6891,3476.5620,2029.3541,3544.9356,1,0,372,287,0.7715,0.6228,145.1
44,2117.0326,3470.8408,2025.2961,3539.5150,1,0,381,287,0.7533,0.5893,140.6
45,2113.0841,3464.9659,2021.0596,3533.8558,1,0,395,296,0.7494,0.6210,150.0
46,2108.4300,3457.9415,2016.0182,3527.1213,1,0,385,271,0.7039,0.6330,142.6
47,2104.9400,3451.9490,2011.8899,3521.6066,1,0,368,274,0.7446,0.5780,136.3
48,2101.1590,3446.1644,2007.7568,3516.0856,1,0,386,294,0.7617,0.6060,134.3
49,2096.8322,3439.5850,2003.0464,3509.7933,1,0,376,275,0.7314,0.5736,137.7
50,2092.9691,3433.4734,1998.7270,3504.0234,1,0,381,295,0.7743,0.5943,132.8
51,2088.4554,3427.0660,1994.0320,3497.7517,1,0,406,292,0.7192,0.6400,137.8
52,2084.2089,3420.2293,1989.2270,3491.3331,1,0,407,300,0.7371,0.6121,140.3
53,2080.6303,3414.4675,1985.1776,3485.9237,1,0,420,300,0.7143,0.6375,138.8
54,2076.6900,3408.0952,1980.7053,3479.9497,1,0,405,301,0.7432,0.5372,142.0
55,2072.2400,3401.7378,1976.0572,3473.7406,1,0,409,294,0.7188,0.6300,176.0
56,2068.5458,3395.6667,1971.8179,3468.0776,1,0,418,306,0.7321,0.5844,166.9
57,2064.3313,3389.2209,1967.2119,3461.9248,1,0,397,294,0.7406,0.5379,187.6
58,2060.3843,3382.9641,1962.7926,3456.0215,1,0,414,311,0.7512,0.5727,177.3
59,2056.5241,3376.8811,1958.4880,3450.2713,1,0,423,308,0.7281,0.6311,159.9
60,2052.2513,3370.9211,1954.0941,3444.4018,1,0,428,308,0.7196,0.6392,182.7
61,2048.3689,3364.0873,1949.4213,3438.1598,1,0,425,305,0.7176,0.6345,402.8
62,2043.9913,3358.4569,1945.1479,3432.4514,1,0,441,325,0.7370,0.6438,402.9
63,2039.7118,3351.8331,1940.4332,3426.1533,1,0,448,326,0.7277,0.6394,262.7
64,2035.9361,3345.8196,1936.1923,3420.4882,1,0,417,307,0.7362,0.6311,520.8
65,2032.1656,3339.6284,1931.8679,3414.7116,1,0,420,301,0.7167,0.6423,382.1
66,2027.8418,3332.9681,1927.1198,3408.3689,1,0,442,311,0.7036,0.6287,219.6
67,2024.3803,3327.7620,1923.3790,3403.3719,1,0,444,321,0.7230,0.5504,309.0
68,2020.0591,3321.1365,1918.6485,3397.0528,1,0,442,332,0.7511,0.6264,389.9
69,2015.5488,3313.9228,1913.5679,3390.2661,1,0,451,315,0.6984,0.6461,234.6
70,2012.9461,3309.5360,1910.5286,3386.2061,1,0,473,325,0.6871,0.5464,253.5
71,2008.0132,3302.9620,1905.6031,3379.6265,1,0,455,305,0.6703,0.5902,397.1
72,2003.5332,3295.8173,1900.5665,3372.8985,1,0,443,313,0.7065,0.5995,349.9
73,2000.4055,3291.1705,1897.2139,3368.4201,1,0,462,301,0.6515,0.5142,232.7
74,1995.4238,3282.8913,1891.4528,3360.7243,1,0,452,303,0.6704,0.6490,268.2
75,1991.9560,3277.4303,1887.5875,3355.5609,1,0,454,311,0.6850,0.6523,266.1
76,1987.1904,3270.7253,1882.6593,3348.9777,1,0,469,334,0.7122,0.5882,295.6
77,1983.5097,3264.0410,1878.1306,3342.9282,1,0,461,310,0.6725,0.6284,278.8
78,1979.9319,3259.6262,1874.7277,3338.3825,1,0,466,321,0.6888,0.6016,290.8
79,1975.5169,3252.5195,1869.7326,3331.7100,1,0,464,302,0.6509,0.6422,292.8
80,1973.3481,3248.6329,1867.0891,3328.1787,1,0,482,300,0.6224,0.5265,334.2
81,1968.7510,3241.4257,1861.9804,3321.3545,1,0,479,337,0.7035,0.6152,342.4
82,1964.1809,3235.1666,1857.3363,3315.1508,1,0,486,351,0.7222,0.6098,222.3
83,1959.0383,3226.3122,1851.2415,3307.0092,1,0,472,310,0.6568,0.6384,221.6
84,1956.3477,3222.7887,1848.5848,3303.4603,1,0,476,353,0.7416,0.6120,251.7
85,1951.3919,3214.5421,1842.8487,3295.7979,1,0,484,319,0.6591,0.6477,260.1
86,1947.8902,3209.5504,1839.1963,3290.9190,1,0,488,346,0.7090,0.6102,225.6
87,1944.2181,3203.9767,1835.2035,3285.5853,1,0,499,370,0.7415,0.6112,205.2
88,1940.0591,3197.7115,1830.7042,3279.5750,1,0,486,369,0.7593,0.6041,198.3
89,1936.3886,3191.5232,1826.4171,3273.8482,1,0,514,391,0.7607,0.6001,189.7
90,1931.4293,3183.5430,1820.8075,3266.3549,1,0,486,328,0.6749,0.6549,172.6
91,1928.0054,3178.9786,1817.3881,3261.7871,1,0,489,364,0.7444,0.6156,185.1
92,1923.4060,3171.3146,1812.0594,3254.6690,1,0,493,319,0.6471,0.6458,184.6
93,1920.0745,3166.6736,1808.6365,3250.0965,1,0,502,392,0.7809,0.6098,184.5
94,1916.2267,3160.5301,1804.3072,3244.3134,1,0,500,407,0.8140,0.6083,171.8
95,1912.2237,3154.4340,1799.9450,3238.4862,1,0,499,413,0.8277,0.6070,155.7
96,1908.6343,3148.6188,1795.8661,3233.0375,1,0,493,400,0.8114,0.6144,150.6
97,1904.1417,3141.9672,1791.0615,3226.6194,1,0,529,446,0.8431,0.6080,148.5
98,1900.0438,3135.5208,1786.4971,3220.5223,1,0,518,426,0.8224,0.6141,153.7
99,1896.2838,3129.7134,1782.3607,3214.9967,1,0,517,447,0.8646,0.6102,159.1
100,1892.2298,3123.2818,1777.8191,3208.9300,1,0,538,452,0.8401,0.6105,159.2
101,1888.2027,3117.0875,1773.4011,3203.0284,1,0,527,451,0.8558,0.6085,152.3
102,1884.2512,3110.9033,1769.0151,3197.1694,1,0,538,454,0.8439,0.6060,155.3
103,1880.2304,3104.5308,1764.5139,3191.1566,1,0,538,459,0.8532,0.6102,158.6
104,1876.0779,3098.3742,1760.0689,3185.2189,1,0,534,460,0.8614,0.6111,156.8
105,1872.3062,3092.1632,1755.7346,3179.4291,1,0,558,478,0.8566,0.6136,157.4
106,1868.1025,3085.7676,1751.1566,3173.3137,1,0,559,475,0.8497,0.6136,155.1
107,1864.2791,3079.7583,1746.9005,3167.6283,1,0,588,503,0.8554,0.6151,144.0
108,1860.0343,3073.3180,1742.2863,3161.4646,1,0,575,490,0.8522,0.6143,150.3
109,1856.2283,3067.2070,1737.9877,3155.7223,1,0,588,508,0.8639,0.6181,159.0
110,1852.2317,3060.9760,1733.5630,3149.8118,1,0,566,497,0.8781,0.6160,155.8
111,1848.2344,3054.7541,1729.1425,3143.9067,1,0,598,511,0.8545,0.6217,155.6
112,1844.0869,3048.2701,1724.5422,3137.7616,1,0,593,513,0.8651,0.6194,155.7
113,1840.0618,3042.0787,1720.1263,3131.8628,1,0,600,511,0.8517,0.6252,158.9
114,1835.9392,3035.7557,1715.6123,3125.8329,1,0,599,514,0.8581,0.6278,157.1
115,1831.8402,3029.5432,1711.1598,3119.8850,1,0,598,518,0.8662,0.6283,152.2
116,1827.6644,3023.2377,1706.6350,3113.8408,1,0,616,531,0.8620,0.6259,160.0
117,1823.8555,3017.1143,1702.3293,3108.0892,1,0,611,525,0.8592,0.6191,157.7
118,1819.5778,3010.6230,1697.6789,3101.8770,1,0,613,525,0.8564,0.6189,157.1
119,1815.6086,3004.5730,1693.3509,3096.0956,1,0,641,551,0.8596,0.6167,163.4
120,1811.5565,2998.3157,1688.8937,3090.1416,1,0,626,535,0.8546,0.6204,163.5
121,1807.4932,2992.0042,1684.4064,3084.1474,1,0,645,544,0.8434,0.6221,163.9
122,1803.2546,2985.5306,1679.7784,3077.9652,1,0,654,563,0.8609,0.6218,159.0
123,1799.1307,2979.2405,1675.2797,3071.9557,1,0,623,535,0.8587,0.6270,164.2
124,1795.1549,2973.1317,1670.9212,3066.1335,1,0,644,543,0.8432,0.6194,157.4
125,1791.0594,2966.8706,1666.4465,3060.1562,1,0,650,553,0.8508,0.6178,161.7
126,1786.8560,2960.5747,1661.9165,3054.1049,1,0,624,528,0.8462,0.6253,158.1
127,1783.0262,2954.7195,1657.7320,3048.5152,1,0,648,538,0.8302,0.6149,158.1
128,1778.7681,2948.1075,1653.0307,3042.2350,1,0,653,547,0.8377,0.6202,161.4
129,1774.6534,2941.8578,1648.5546,3036.2558,1,0,636,534,0.8396,0.6221,160.1
130,1770.2985,2935.1088,1643.7528,3029.8414,1,0,657,546,0.8311,0.6182,161.4
131,1766.5260,2929.3174,1639.6195,3024.3200,1,0,646,545,0.8437,0.6223,168.5
132,1762.4339,2923.1706,1635.2009,3018.4177,1,0,634,527,0.8312,0.6186,162.0
133,1758.2805,2916.9193,1630.7102,3012.4188,1,0,654,545,0.8333,0.6190,157.7
134,1754.0003,2910.1262,1625.9140,3006.0120,1,0,656,552,0.8415,0.6264,159.1
135,1750.0499,2904.1813,1621.6432,3000.3070,1,0,642,536,0.8349,0.6197,161.8
136,1745.2390,2897.2194,1616.5755,2993.5374,1,0,676,563,0.8328,0.6258,160.0
137,1741.7817,2891.5842,1612.6303,2988.2673,1,0,671,560,0.8346,0.6251,153.8
138,1737.5157,2885.1008,1607.9878,2982.0659,1,0,650,560,0.8615,0.6257,154.9
139,1732.8768,2878.2644,1603.0420,2975.4591,1,0,652,545,0.8359,0.6219,155.6
140,1729.2767,2872.4306,1598.9503,2969.9934,1,0,686,573,0.8353,0.6270,169.7
141,1725.2234,2865.9001,1594.3616,2963.8637,1,0,674,556,0.8249,0.6275,153.7
142,1720.8069,2859.8300,1589.8634,2957.8548,1,0,663,550,0.8296,0.6225,155.3
143,1716.5500,2853.0597,1585.0864,2951.4737,1,0,652,552,0.8466,0.6250,155.9
144,1712.9502,2847.8807,1581.3090,2946.4277,1,0,647,545,0.8423,0.6192,159.0
145,1709.2853,2842.3243,1577.3272,2941.1087,1,0,670,520,0.7761,0.5889,157.6
146,1704.5253,2835.1371,1572.1696,2934.2191,1,0,665,566,0.8511,0.6203,155.6
147,1700.0069,2828.1149,1567.1779,2927.5511,1,0,649,546,0.8413,0.6232,164.1
148,1695.9025,2821.7561,1562.6532,2921.5069,1,0,651,532,0.8172,0.6217,166.4
149,1691.9914,2815.7176,1558.3517,2915.7608,1,0,659,551,0.8361,0.6253,157.5
150,1687.4700,2809.0088,1553.5093,2909.2923,1,0,664,544,0.8193,0.6246,167.0
151,1683.7834,2803.6874,1549.6323,2904.1133,1,0,639,552,0.8638,0.6220,193.4
152,1679.1082,2796.3858,1544.4504,2897.1912,1,0,634,520,0.8202,0.6228,185.9
153,1675.2565,2790.8114,1540.3927,2891.7709,1,0,644,549,0.8525,0.6211,190.4
154,1671.3040,2784.7521,1536.0662,2885.9915,1,0,656,571,0.8704,0.6161,168.3
155,1667.1602,2778.5401,1531.5979,2880.0225,1,0,638,561,0.8793,0.6164,172.1
156,1662.4141,2771.4539,1526.4938,2873.2044,1,0,635,528,0.8315,0.6248,161.7
157,1658.7935,2765.9929,1522.5736,2867.9677,1,0,628,545,0.8678,0.6137,179.8
158,1654.5080,2759.3337,1517.8397,2861.6441,1,0,604,526,0.8709,0.6136,173.6
159,1650.4237,2753.3846,1513.5188,2855.8721,1,0,623,554,0.8892,0.6125,165.7
160,1645.5388,2746.2077,1508.3213,2848.9292,1,0,634,536,0.8454,0.6156,165.6
161,1642.0237,2740.7241,1504.4281,2843.7286,1,0,640,568,0.8875,0.6100,165.2
162,1637.9271,2733.7617,1499.6167,2837.3014,1,0,642,537,0.8364,0.6224,162.3
163,1633.4586,2727.5392,1495.0266,2831.1699,1,0,630,543,0.8619,0.6117,161.7
164,1629.8307,2722.5200,1491.3157,2826.2128,1,0,623,515,0.8266,0.6210,158.8
165,1625.7469,2716.2002,1486.8171,2820.2035,1,0,629,508,0.8076,0.6216,171.1
166,1621.1061,2709.2054,1481.7947,2813.4944,1,0,634,570,0.8991,0.6082,167.9
167,1617.2678,2702.9741,1477.4267,2807.6596,1,0,614,501,0.8160,0.6142,165.2
168,1612.3774,2695.8840,1472.2689,2800.7697,1,0,600,516,0.8600,0.6052,165.2
169,1608.4874,2689.8781,1467.9905,2795.0545,1,0,596,524,0.8792,0.6021,161.4
170,1604.3480,2683.9919,1463.6800,2789.2964,1,0,624,561,0.8990,0.6019,162.8
171,1599.6044,2677.1897,1458.7130,2782.6615,1,0,619,520,0.8401,0.6089,169.6
172,1596.5500,2671.9396,1455.0973,2777.8315,1,0,628,515,0.8201,0.6287,168.4
173,1591.8833,2665.4697,1450.3174,2771.4464,1,0,620,508,0.8194,0.6282,180.6
174,1587.5086,2658.8984,1445.5937,2765.1363,1,0,618,556,0.8997,0.6033,163.3
175,1583.6659,2652.7522,1441.2650,2759.3540,1,0,607,519,0.8550,0.6249,161.4
176,1578.5297,2645.5631,1435.9714,2752.2827,1,0,616,527,0.8555,0.6009,161.3
177,1574.8225,2640.0767,1432.0079,2746.9882,1,0,640,538,0.8406,0.6265,168.5
178,1570.4689,2633.2969,1427.1917,2740.5546,1,0,620,572,0.9226,0.5940,169.9
179,1566.7998,2627.2246,1422.9609,2734.9029,1,0,604,515,0.8526,0.6212,165.5
180,1562.2686,2620.7329,1418.2191,2728.5688,1,0,605,526,0.8694,0.6119,162.6
181,1557.9237,2614.5105,1413.6735,2722.4967,1,0,634,566,0.8927,0.6046,171.2
182,1553.5739,2607.9782,1408.9774,2716.2235,1,0,598,557,0.9314,0.5974,170.7
183,1549.4108,2601.9475,1404.5891,2710.3615,1,0,668,603,0.9027,0.6052,168.6
184,1545.4241,2595.5793,1400.1022,2704.3678,1,0,604,530,0.8775,0.6174,163.7
185,1540.9628,2589.1250,1395.4035,2698.0912,1,0,615,563,0.9154,0.5980,166.9
186,1536.5058,2582.6965,1390.7187,2691.8332,1,0,640,602,0.9406,0.5903,178.3
187,1532.4312,2576.5974,1386.3293,2685.9698,1,0,636,578,0.9088,0.6007,166.2
188,1528.1595,2570.1896,1381.7211,2679.8139,1,0,655,601,0.9176,0.5972,161.5
189,1523.9396,2563.7733,1377.1273,2673.6775,1,0,645,596,0.9240,0.5967,164.5
190,1519.9564,2557.4510,1372.6636,2667.7148,1,0,669,602,0.8999,0.6152,173.5
191,1515.6209,2551.0739,1368.0472,2661.5481,1,0,662,585,0.8837,0.6281,174.7
192,1511.2752,2544.5993,1363.3802,2655.3139,1,0,643,588,0.9145,0.6037,180.3
193,1506.8225,2538.4610,1358.8363,2649.2440,1,0,649,602,0.9276,0.5972,169.1
194,1502.6139,2531.9868,1354.2188,2643.0759,1,0,651,589,0.9048,0.6143,182.2
195,1498.2873,2525.7986,1349.6962,2637.0344,1,0,642,604,0.9408,0.5978,165.6
196,1493.8668,2519.4127,1345.0450,2630.8212,1,0,664,622,0.9367,0.6021,165.8
197,1489.8286,2513.0537,1340.5440,2624.8087,1,0,654,612,0.9358,0.6062,175.8
198,1485.4544,2506.6780,1335.9142,2618.6242,1,0,686,655,0.9548,0.6011,184.1
199,1481.2351,2500.4063,1331.3901,2612.5808,1,0,689,652,0.9463,0.6002,168.3
200,1476.8856,2493.9943,1326.7518,2606.3849,1,0,694,663,0.9553,0.6007,162.7
201,1472.6343,2487.5124,1322.1153,2600.1914,1,0,689,646,0.9376,0.6038,165.3
202,1468.3434,2481.3707,1317.6279,2594.1969,1,0,704,684,0.9716,0.6001,166.9
203,1463.9441,2475.0791,1313.0295,2588.0543,1,0,721,694,0.9626,0.5986,165.1
204,1459.6094,2468.8643,1308.4912,2581.9919,1,0,702,666,0.9487,0.5997,167.6
205,1455.3141,2462.6952,1303.9889,2575.9777,1,0,702,665,0.9473,0.6043,160.2
206,1450.8030,2456.6411,1299.4644,2569.9337,1,0,721,685,0.9501,0.6020,165.1
207,1446.4053,2450.6255,1294.9990,2563.9688,1,0,721,687,0.9528,0.6024,167.6
208,1442.0216,2444.7175,1290.5903,2558.0795,1,0,704,676,0.9602,0.6011,170.4
209,1437.2769,2438.4834,1285.8954,2551.8080,1,0,713,677,0.9495,0.6013,174.5
210,1433.0722,2432.9076,1281.7104,2546.2176,1,0,719,689,0.9583,0.6023,174.8
211,1428.5089,2427.0844,1277.2778,2540.2965,1,0,711,682,0.9592,0.6025,166.0
212,1423.9846,2421.3146,1272.8849,2534.4283,1,0,704,672,0.9545,0.6003,191.8
213,1419.4420,2415.6275,1268.5251,2528.6044,1,0,718,685,0.9540,0.6000,191.2
214,1414.8499,2409.9127,1264.1342,2522.7390,1,0,730,693,0.9493,0.6006,219.2
215,1410.0689,2404.1409,1259.6481,2516.7464,1,0,684,642,0.9386,0.6043,205.6
216,1405.5296,2398.3993,1255.2633,2510.8891,1,0,719,680,0.9458,0.6008,204.1
217,1400.9641,2393.1723,1251.1160,2505.3490,1,0,719,688,0.9569,0.6008,165.9
218,1396.3278,2387.6744,1246.8134,2499.6014,1,0,742,716,0.9650,0.6010,172.9
219,1391.5933,2381.9160,1242.3504,2493.6397,1,0,739,706,0.9553,0.6016,194.3
220,1386.9066,2376.6797,1238.1551,2488.0355,1,0,757,731,0.9657,0.5990,178.7
221,1382.0258,2371.0659,1233.7090,2482.0963,1,0,760,733,0.9645,0.5977,168.1
222,1377.4440,2365.8716,1229.5715,2476.5695,1,0,744,722,0.9704,0.5995,174.9
223,1372.7575,2360.5161,1225.3192,2470.8890,1,0,751,726,0.9667,0.6001,221.2
224,1368.0033,2355.0592,1220.9938,2465.1111,1,0,761,726,0.9540,0.6038,225.8
225,1363.1394,2349.7733,1216.7110,2459.3901,1,0,780,758,0.9718,0.5980,183.2
226,1358.3013,2344.5249,1212.4555,2453.7055,1,0,773,752,0.9728,0.5991,178.1
227,1353.4797,2339.2766,1208.2060,2448.0289,1,0,798,781,0.9787,0.5990,203.4
228,1348.5535,2333.8991,1203.8570,2442.2194,1,0,777,761,0.9794,0.5976,177.9
229,1343.4832,2328.5078,1199.4496,2436.3319,1,0,797,767,0.9624,0.5993,170.2
230,1338.5308,2323.3024,1195.1736,2430.6200,1,0,803,782,0.9738,0.5979,167.1
231,1333.9867,2318.1940,1191.0909,2425.1662,1,0,801,788,0.9838,0.6006,185.1
232,1329.0490,2312.9086,1186.7819,2419.4102,1,0,803,790,0.9838,0.5979,178.8
233,1324.0769,2307.7160,1182.5051,2413.6972,1,0,806,795,0.9864,0.5988,182.4
234,1318.9624,2302.3681,1178.1026,2407.8162,1,0,803,786,0.9788,0.5978,181.2
235,1314.1991,2297.2093,1173.9170,2402.2250,1,0,825,816,0.9891,0.5983,195.5
236,1309.1748,2291.9551,1173.0000,2401.0000,1,0,803,787,0.9801,0.5974,216.7
237,1304.2099,2286.7069,1170.8875,2398.4802,1,0,795,773,0.9723,0.5971,189.7
238,1299.2468,2281.4971,1166.2740,2392.9773,1,0,782,763,0.9757,0.5988,222.4
239,1294.2188,2276.2287,1161.6049,2387.4080,1,0,791,777,0.9823,0.5976,191.6
240,1289.2527,2270.8649,1156.9144,2381.8132,1,0,800,783,0.9788,0.5974,177.0
241,1284.2464,2265.5878,1152.2499,2376.2494,1,0,826,809,0.9794,0.5980,175.3
242,1279.2150,2260.3183,1147.5789,2370.6778,1,0,816,800,0.9804,0.5970,179.2
243,1274.1601,2254.9146,1142.8320,2365.0159,1,0,790,772,0.9772,0.5957,177.8
244,1269.1640,2249.5664,1138.1368,2359.4154,1,0,837,811,0.9689,0.5956,177.7
245,1264.1523,2244.1334,1133.3934,2353.7576,1,0,818,802,0.9804,0.5952,185.8
246,1259.0654,2238.7387,1128.6378,2348.0851,1,0,804,784,0.9751,0.5956,172.4
247,1253.9869,2233.2576,1123.8432,2342.3661,1,0,824,807,0.9794,0.5952,187.0
248,1249.0039,2227.7544,1119.0770,2336.6810,1,0,844,829,0.9822,0.5944,207.8
249,1243.9388,2222.2961,1114.2991,2330.9820,1,0,828,808,0.9758,0.5948,212.7
250,1238.8802,2216.7291,1109.4703,2325.2222,1,0,837,816,0.9749,0.5940,181.8
251,1233.8386,2211.0741,1104.6053,2319.4193,1,0,813,797,0.9803,0.5935,177.0
252,1228.7928,2205.4166,1099.7373,2313.6127,1,0,847,828,0.9776,0.5932,186.9
253,1223.7673,2199.7326,1094.8645,2307.8006,1,0,807,784,0.9715,0.5928,241.4
254,1218.6433,2193.9548,1089.9050,2301.8849,1,0,862,840,0.9745,0.5919,213.2
255,1213.6270,2188.1416,1084.9725,2296.0014,1,0,852,832,0.9765,0.5914,211.7
256,1208.5601,2182.2759,1079.9933,2290.0623,1,0,823,803,0.9757,0.5904,178.0
257,1203.5505,2176.3638,1075.0149,2284.1241,1,0,851,831,0.9765,0.5894,175.7
258,1198.4826,2170.3626,1069.9685,2278.1048,1,0,843,823,0.9763,0.5899,179.7
259,1193.4466,2164.3260,1064.9179,2272.0805,1,0,846,822,0.9716,0.5898,182.6
260,1188.3973,2158.2115,1059.8234,2266.0038,1,0,845,828,0.9799,0.5892,181.6
261,1183.3804,2152.0381,1054.7134,2259.9086,1,0,858,843,0.9825,0.5901,215.3
262,1178.3547,2145.8080,1049.5717,2253.7756,1,0,846,823,0.9728,0.5888,209.3
263,1173.3380,2139.4751,1044.3832,2247.5868,1,0,817,796,0.9743,0.5896,207.2
264,1168.3001,2133.0706,1039.1507,2241.3455,1,0,800,781,0.9762,0.5882,210.7
265,1163.3233,2126.6415,1033.9312,2235.1198,1,0,804,782,0.9726,0.5881,212.6
266,1158.3102,2120.1418,1028.6620,2228.8347,1,0,803,780,0.9714,0.5881,213.5
267,1153.2866,2113.4991,1023.3182,2222.4606,1,0,821,802,0.9769,0.5874,184.4
268,1148.3079,2106.7773,1017.9539,2216.0621,1,0,797,772,0.9686,0.5876,171.1
269,1143.3383,2099.9978,1012.5648,2209.6341,1,0,817,796,0.9743,0.5866,176.0
270,1138.3694,2093.1431,1007.1392,2203.1624,1,0,794,773,0.9736,0.5871,174.2
271,1133.4636,2086.1942,1001.6931,2196.6664,1,0,792,772,0.9747,0.5868,174.3
272,1128.4935,2079.1766,996.1867,2190.0984,1,0,815,794,0.9742,0.5864,181.7
273,1123.6009,2072.0284,990.6480,2183.4919,1,0,813,799,0.9828,0.5853,181.3
274,1118.6274,2064.8118,985.0422,2176.8053,1,0,822,800,0.9732,0.5847,175.5
275,1113.7781,2057.5068,979.4442,2170.1281,1,0,807,794,0.9839,0.5842,189.6
276,1108.9078,2050.0802,973.7777,2163.3690,1,0,800,775,0.9688,0.5840,166.7
277,1104.0138,2042.5867,968.0684,2156.5591,1,0,798,774,0.9699,0.5838,181.8
278,1099.1922,2034.9934,962.3399,2149.7261,1,0,775,752,0.9703,0.5839,175.9
279,1094.3989,2027.2849,956.5663,2142.8394,1,0,799,773,0.9675,0.5847,172.2
280,1089.5678,2019.4604,950.7200,2135.8660,1,0,786,765,0.9733,0.5846,171.9
281,1084.7866,2011.5362,944.8452,2128.8586,1,0,768,740,0.9635,0.5840,166.5
282,1079.9913,2003.5459,938.9321,2121.8055,1,0,763,738,0.9672,0.5841,162.0
283,1075.2254,1995.4135,932.9612,2114.6834,1,0,763,733,0.9607,0.5851,160.2
284,1070.5167,1987.2029,926.9753,2107.5435,1,0,768,736,0.9583,0.5855,165.8
285,1065.7818,1978.8241,920.8958,2100.2920,1,0,767,735,0.9583,0.5869,162.1
286,1061.0388,1970.3809,914.7813,2092.9986,1,0,787,753,0.9568,0.5875,160.8
287,1056.4734,1961.7203,908.6331,2085.6650,1,0,750,708,0.9440,0.5857,163.6
288,1051.7259,1953.1044,902.4316,2078.2680,1,0,745,711,0.9544,0.5871,163.4
289,1047.1116,1944.3285,896.2064,2070.8426,1,0,753,719,0.9548,0.5885,165.2
290,1042.6370,1935.4987,890.0124,2063.4544,1,0,744,711,0.9556,0.5871,166.9
291,1037.8305,1926.4102,883.5540,2055.7508,1,0,730,703,0.9630,0.5898,178.9
292,1033.2440,1917.2831,877.1673,2048.1329,1,0,724,696,0.9613,0.5913,171.6
293,1028.8801,1907.8754,870.7344,2040.4598,1,0,730,698,0.9562,0.5920,183.8
294,1024.1397,1898.5200,864.1719,2032.6320,1,0,714,691,0.9678,0.5914,177.8
295,1019.6548,1889.0289,857.6479,2024.8503,1,0,737,720,0.9769,0.5917,182.7
296,1015.1269,1879.2944,850.9865,2016.9046,1,0,698,671,0.9613,0.5911,202.0
297,1010.6959,1869.5749,844.3724,2009.0153,1,0,708,692,0.9774,0.5906,233.2
298,1006.1807,1859.5356,837.5661,2000.8968,1,0,709,690,0.9732,0.5894,215.1
299,1001.8265,1849.5440,830.8497,1992.8856,1,0,708,682,0.9633,0.5906,162.0
300,997.4494,1839.3487,824.0236,1984.7434,1,0,685,663,0.9679,0.5913,186.4
301,992.9728,1829.0280,817.0947,1976.4787,1,0,691,672,0.9725,0.5903,164.0
302,988.6093,1818.5119,810.1162,1968.1549,1,0,693,675,0.9740,0.5887,155.5
303,984.2550,1807.8224,803.0562,1959.7337,1,0,681,661,0.9706,0.5872,168.8
304,979.9103,1796.9250,795.8978,1951.1952,1,0,670,660,0.9851,0.5860,159.9
305,975.4986,1785.9127,788.6552,1942.5563,1,0,680,666,0.9794,0.5853,167.4
306,971.0946,1774.6941,781.3142,1933.8000,1,0,666,645,0.9685,0.5850,160.4
307,966.8760,1763.2982,773.9624,1925.0309,1,0,669,652,0.9746,0.5852,153.6
308,962.6794,1751.8148,766.5767,1916.2212,1,0,696,675,0.9698,0.5857,223.7
309,958.4223,1740.1574,759.0803,1907.2795,1,0,689,670,0.9724,0.5852,208.0
310,954.1557,1728.3630,751.5125,1898.2527,1,0,713,693,0.9719,0.5850,252.4
311,949.9211,1716.4704,743.9096,1889.1840,1,0,677,660,0.9749,0.5849,207.7
312,945.6880,1704.3766,736.2082,1879.9978,1,0,687,668,0.9723,0.5843,198.9
313,941.3956,1692.2576,728.4700,1870.7678,1,0,697,669,0.9598,0.5833,174.5
314,937.3656,1680.0128,720.7781,1861.5930,1,0,712,688,0.9663,0.5853,174.4
315,933.0916,1667.5864,712.8961,1852.1914,1,0,700,673,0.9614,0.5841,180.0
316,928.9727,1655.2091,705.1023,1842.8950,1,0,714,689,0.9650,0.5847,252.1
317,924.7082,1642.5567,697.1130,1833.3654,1,0,710,675,0.9507,0.5834,187.8
318,920.5115,1629.8582,689.1289,1823.8421,1,0,690,655,0.9493,0.5830,195.7
319,916.3064,1617.0477,681.0863,1814.2489,1,0,690,644,0.9333,0.5816,180.3
320,912.1566,1604.2593,673.0773,1804.6958,1,0,697,641,0.9197,0.5815,175.8
321,908.0355,1591.1952,664.9445,1794.9950,1,0,706,653,0.9249,0.5807,165.2
322,904.7783,1578.8820,597.6733,1671.8647,1,0,697,627,0.8996,0.5812,173.7
323,900.0912,1565.8043,593.6527,1658.5852,1,0,723,644,0.8907,0.5765,159.0
324,895.6721,1551.8909,589.4227,1644.6146,1,0,714,648,0.9076,0.5796,165.8
325,891.6234,1538.6264,585.4039,1631.3410,1,0,728,665,0.9135,0.5793,160.6
326,887.4796,1525.2894,581.3570,1617.9747,1,0,712,643,0.9031,0.5799,151.3
327,883.6907,1512.1156,577.3851,1604.8563,1,0,753,684,0.9084,0.5783,157.7
328,879.2968,1498.2633,573.1742,1590.9486,1,0,750,676,0.9013,0.5789,167.5
329,875.9401,1485.3137,569.3008,1578.1554,1,0,726,628,0.8650,0.5858,154.7
330,871.1987,1471.2582,565.0044,1563.9652,1,0,752,660,0.8777,0.5776,158.3
331,868.2299,1458.7062,561.2738,1551.6439,1,0,751,651,0.8668,0.5792,156.0
332,863.9940,1444.6095,557.0085,1537.5561,1,0,764,665,0.8704,0.5761,166.1
333,860.2475,1431.4487,553.0437,1524.4614,1,0,756,657,0.8690,0.5789,159.9
334,855.4409,1416.7656,548.5678,1509.6781,1,0,756,670,0.8862,0.5788,164.2
335,851.7631,1403.2586,544.5128,1496.2853,1,0,753,661,0.8778,0.5798,163.9
336,847.8219,1389.4162,540.3427,1482.5122,1,0,780,677,0.8679,0.5810,160.3
337,844.6472,1375.7186,536.2771,1469.0844,1,0,760,635,0.8355,0.5900,154.0
338,840.1201,1362.1872,532.1441,1455.4337,1,0,772,677,0.8769,0.5812,157.0
339,835.9313,1347.3957,527.6900,1440.7225,1,0,760,657,0.8645,0.5831,151.5
340,832.5130,1333.7216,523.6105,1427.2486,1,0,755,626,0.8291,0.5906,158.6
341,828.0691,1319.1827,519.2050,1412.6981,1,0,733,629,0.8581,0.5840,155.1
342,823.9307,1304.7398,514.8518,1398.3202,1,0,744,635,0.8535,0.5842,155.2
343,820.2250,1290.7453,510.6592,1384.4731,1,0,716,621,0.8673,0.5873,155.0
344,816.4286,1276.6271,506.4248,1370.4875,1,0,745,634,0.8510,0.5883,152.3
345,812.9259,1262.9285,502.3314,1356.9678,1,0,758,634,0.8364,0.5870,154.4
346,808.5315,1247.9454,497.8069,1342.0241,1,0,731,625,0.8550,0.5885,156.6
347,804.6398,1233.6014,493.5018,1327.8052,1,0,745,641,0.8604,0.5890,169.5
348,800.7887,1219.0827,489.1517,1313.4376,1,0,693,591,0.8528,0.5899,163.2
349,797.2119,1205.0457,484.9582,1299.5873,1,0,708,598,0.8446,0.5892,150.8
350,793.2066,1190.4616,480.5770,1285.1171,1,0,705,601,0.8525,0.5909,155.6
351,789.3887,1175.8936,476.2160,1270.7135,1,0,703,594,0.8450,0.5901,163.0
352,785.6838,1161.4716,471.9050,1256.4750,1,0,723,607,0.8396,0.5912,153.7
353,782.4067,1147.6326,467.7916,1242.8892,1,0,678,566,0.8348,0.5934,155.4
354,778.0551,1132.2976,463.1731,1227.6351,1,0,689,589,0.8549,0.5926,147.5
355,774.2644,1117.5940,458.7768,1213.1148,1,0,691,589,0.8524,0.5903,151.8
356,770.5207,1103.0852,454.4384,1198.7860,1,0,682,587,0.8607,0.5939,151.9
357,766.9668,1088.8387,450.1887,1184.7502,1,0,687,583,0.8486,0.5936,150.1
358,762.7976,1073.5668,445.6030,1169.6044,1,0,649,557,0.8582,0.5958,149.4
359,759.0391,1058.8715,441.2117,1155.1007,1,0,623,540,0.8668,0.5965,150.5
360,755.1301,1044.0675,436.7776,1140.4557,1,0,603,517,0.8574,0.5972,150.6
361,751.4605,1029.3255,432.3808,1125.9338,1,0,627,531,0.8469,0.5971,143.1
362,747.6009,1014.3417,427.9010,1111.1378,1,0,601,511,0.8502,0.5980,150.1
363,743.9777,999.6317,423.5170,1096.6582,1,0,593,509,0.8583,0.5963,145.1
364,740.1767,984.5335,419.0104,1081.7736,1,0,569,485,0.8524,0.5962,145.5
365,736.6512,970.1074,414.7133,1067.5811,1,0,563,486,0.8632,0.5952,143.5
366,732.7984,954.8487,410.1578,1052.5352,1,0,551,485,0.8802,0.5971,146.2
367,729.2569,940.3922,405.8509,1038.3104,1,0,516,450,0.8721,0.5989,142.1
368,725.1730,924.9271,401.2188,1023.0113,1,0,518,452,0.8726,0.5991,143.5
369,721.5106,910.0856,396.7950,1008.4003,1,0,481,417,0.8669,0.5957,139.3
370,717.9347,896.1097,392.6185,994.6063,1,0,474,380,0.8017,0.5889,138.7
371,713.9633,880.1435,387.8569,978.8793,1,0,463,409,0.8834,0.5955,148.6
372,710.2205,865.2088,383.4005,964.1607,1,0,460,405,0.8804,0.5948,139.2
373,706.4749,849.8749,378.8331,949.0756,1,0,458,400,0.8734,0.5970,145.0
374,702.6805,834.6515,374.2923,934.0782,1,0,438,389,0.8881,0.5977,142.4
375,698.9429,819.6428,369.8159,919.2932,1,0,445,397,0.8921,0.5963,143.0
376,695.1092,804.2744,365.2315,904.1520,1,0,438,393,0.8973,0.5941,140.6
377,691.3657,789.0152,360.6851,889.1360,1,0,452,405,0.8960,0.5913,141.7
378,687.5723,773.6553,356.1065,874.0138,1,0,421,380,0.9026,0.5905,140.7
379,683.7005,758.2645,351.5128,858.8415,1,0,416,378,0.9087,0.5878,140.4
380,680.0768,742.9752,346.9681,843.8312,1,0,416,377,0.9062,0.5885,138.3
381,676.3996,727.4336,342.3489,828.5747,1,0,410,380,0.9268,0.5882,138.8
382,672.6267,712.1200,337.7848,813.5007,1,0,390,363,0.9308,0.5891,130.0
383,668.8191,696.4187,333.1104,798.0619,1,0,394,374,0.9492,0.5879,134.1
384,664.9103,680.9942,328.5042,782.8485,1,0,421,398,0.9454,0.5877,128.0
385,661.1512,665.2393,323.8190,767.3740,1,0,423,397,0.9385,0.5878,131.5
386,657.4014,649.6626,319.1840,752.0653,1,0,411,389,0.9465,0.5884,129.8
387,653.6485,634.1165,314.5571,736.7838,1,0,414,396,0.9565,0.5875,132.5
388,649.8939,618.4092,309.8855,721.3541,1,0,413,383,0.9274,0.5876,122.7
389,646.2849,602.8976,305.2803,706.1442,1,0,435,413,0.9494,0.5880,125.5
390,642.3633,586.9665,300.5326,690.4632,1,0,411,384,0.9343,0.5879,130.3
391,638.6512,571.2277,295.8557,675.0165,1,0,438,408,0.9315,0.5878,126.6
392,634.8589,555.3790,291.1417,659.4469,1,0,430,407,0.9465,0.5876,124.5
393,631.1524,539.4906,286.4238,643.8647,1,0,415,391,0.9422,0.5871,123.1
394,627.5476,523.7954,281.7681,628.4877,1,0,433,405,0.9353,0.5879,125.1
395,623.9348,508.1186,277.1168,613.1253,1,0,420,386,0.9190,0.5892,122.6
396,619.8182,491.6515,272.2041,596.8993,1,0,432,406,0.9398,0.5863,124.0
397,616.1288,475.6771,267.4638,581.2430,1,0,421,397,0.9430,0.5864,121.9
398,612.5675,459.9970,262.8159,565.8920,1,0,422,395,0.9360,0.5885,124.8
399,608.5645,443.3483,257.8623,549.5311,1,0,431,396,0.9188,0.5859,117.3
400,604.8945,427.2934,253.1013,533.8064,1,0,445,413,0.9281,0.5861,118.8
401,601.2209,411.1150,248.3058,517.9678,1,0,455,425,0.9341,0.5865,116.1
